<?xml version="1.0" encoding="UTF-8"?>
<project-private xmlns="http://www.netbeans.org/ns/project-private/1">
    <data xmlns="http://www.netbeans.org/ns/make-project-private/1">
        <activeConfTypeElem>3</activeConfTypeElem>
        <activeConfIndexElem>0</activeConfIndexElem>
    </data>
    <editor-bookmarks xmlns="http://www.netbeans.org/ns/editor-bookmarks/2" lastBookmarkId="0"/>
    <open-files xmlns="http://www.netbeans.org/ns/projectui-open-files/2">
        <group>
            <file>file:/D:/Google%20Drive/wooyoung-working/Project/NemoStaticLib/RandomGraphAnalysis.h</file>
            <file>file:/D:/Google%20Drive/wooyoung-working/Project/NemoStaticLib/StatisticalAnalysis.cpp</file>
            <file>file:/D:/Google%20Drive/wooyoung-working/Project/NemoStaticLib/NautyLink.h</file>
            <file>file:/D:/Google%20Drive/wooyoung-working/Project/NemoStaticLib/tests/newsimpletest.cpp</file>
            <file>file:/D:/Google%20Drive/wooyoung-working/Project/NemoStaticLib/RandESU.cpp</file>
            <file>file:/D:/Google%20Drive/wooyoung-working/Project/NemoStaticLib/NautyLink.cpp</file>
            <file>file:/D:/Google%20Drive/wooyoung-working/Project/NemoStaticLib/SubgraphCount.cpp</file>
            <file>file:/D:/Google%20Drive/wooyoung-working/Project/NemoStaticLib/SubgraphCount.h</file>
            <file>file:/D:/Google%20Drive/wooyoung-working/Project/NemoStaticLib/RandomGraphAnalysis.cpp</file>
            <file>file:/D:/Google%20Drive/wooyoung-working/Project/NemoStaticLib/Subgraph.cpp</file>
            <file>file:/D:/Google%20Drive/wooyoung-working/Project/NemoStaticLib/RandESU.h</file>
            <file>file:/D:/Google%20Drive/wooyoung-working/Project/NemoStaticLib/graph64.hpp</file>
            <file>file:/D:/Google%20Drive/wooyoung-working/Project/NemoStaticLib/Graph.cpp</file>
            <file>file:/D:/Google%20Drive/wooyoung-working/Project/NemoStaticLib/SubgraphProfile.cpp</file>
            <file>file:/D:/Google%20Drive/wooyoung-working/Project/NemoStaticLib/ESU.h</file>
            <file>file:/D:/Google%20Drive/wooyoung-working/Project/NemoStaticLib/StatisticalAnalysis.h</file>
            <file>file:/D:/Google%20Drive/wooyoung-working/Project/NemoStaticLib/Graph.h</file>
            <file>file:/D:/Google%20Drive/wooyoung-working/Project/NemoStaticLib/SubgraphEnumerationResult.h</file>
            <file>file:/D:/Google%20Drive/wooyoung-working/Project/NemoStaticLib/Makefile</file>
            <file>file:/D:/Google%20Drive/wooyoung-working/Project/NemoStaticLib/ESU.cpp</file>
            <file>file:/D:/Google%20Drive/wooyoung-working/Project/NemoStaticLib/SubgraphProfile.h</file>
        </group>
    </open-files>
</project-private>
